time,H_median,H_lower,H_upper,S_median,S_lower,S_upper
0,4.671871982915344e-14,0.0,0.00018224920593141745,0.9999999999999533,0.9998177674004463,1.0
1,2.337471730227699e-13,4.64947249287014e-14,0.0008497181266580201,0.9999999999997663,0.9991506427815587,0.9999999999999535
2,5.606246583425216e-13,1.5581438680594637e-13,0.0029355027161403276,0.9999999999994393,0.9970688016590927,0.9999999999998442
3,0.0003296347116554756,2.571208044148178e-13,0.0051659363260662845,0.999670419611897,0.9948473841755041,0.9999999999997429
4,0.0013975933152279665,0.0003159228263272629,0.01355082172953121,0.9986033828634895,0.9865405773452753,0.999684127072034
5,0.002167319963605232,0.0006578539843611412,0.028629204084509658,0.9978350269784761,0.9717767285119596,0.9993423623541289
6,0.010453476584258652,0.0025802068241735456,0.05558992494558602,0.9896009711143529,0.9459269574155289,0.9974231190483596
7,0.01345902220956665,0.004319299703349495,0.06417554926688271,0.986631145453692,0.9378403478933895,0.9956900150557096
8,0.022427919141014482,0.006993694540174637,0.0732355243272274,0.9778217168824752,0.92938191219696,0.9930307044287064
9,0.03532208517707634,0.014305887740120466,0.08776312026857566,0.9652944591461117,0.915977827608472,0.9857959552420525
10,0.06234699539836235,0.030773574295578005,0.12177379635591278,0.9395568083315072,0.885348614936523,0.9696951121192829
11,0.08125917226136398,0.04450029529875183,0.1455660962732887,0.9219547153895008,0.8645327457928293,0.9564753176476116
12,0.10988058804136658,0.06717736371144103,0.17783543968539048,0.8959411149924351,0.8370801623301501,0.935029346353708
13,0.1564401022149582,0.10068348070255852,0.2369261199883156,0.8551827397207671,0.7890495808564987,0.9042191904191689
14,0.1816944655470047,0.12416860057751847,0.2683415708920899,0.8338560732581436,0.7646465554857795,0.8832309150862503
15,0.24352952479702758,0.16520649065373613,0.3439965117067261,0.7838563324915049,0.7089314010058353,0.847718640037827
16,0.2766322660736961,0.19522485602002335,0.3782088357156219,0.7583333107285544,0.6850874150051159,0.8226496595294663
17,0.3399043465269089,0.24956771248179244,0.45197864317008213,0.7118384093223312,0.6363677603779835,0.7791375217078077
18,0.3546290853068466,0.25951910258232497,0.47383055575984956,0.7014335669799896,0.622612741773103,0.7714224716919588
19,0.3698837108920098,0.2689791140557098,0.4973720359051514,0.690814660187158,0.6081266967542576,0.7641592156683356
20,0.3993445573711853,0.29849014352246855,0.5216313553929863,0.6707595463866585,0.593551464342843,0.7419375947052976
21,0.4163427911148338,0.3105064624483414,0.5432279856124611,0.6594541767027196,0.5808701822221278,0.7330755869333496
22,0.48415120631998065,0.35915639629772184,0.6285719137131119,0.6162200185062104,0.5333529314050102,0.6982651367292022
23,0.5395748578468704,0.40606126051319125,0.6978350747594605,0.5829960558928647,0.4976615384130667,0.666269350172341
24,0.5600107876820183,0.4190507521335907,0.7270043229034042,0.571202901860305,0.48335479832052686,0.6576708162236715
25,0.6617859820306397,0.5009408909191589,0.8504384471099968,0.5159290711138429,0.42722757418328106,0.6059602489119705
26,0.70654757554039,0.5296072045837517,0.9094210122192192,0.4933444952997746,0.4027573481223066,0.5888362164257839
27,0.727080625515747,0.5496485020661545,0.9312140069566498,0.48331791849375805,0.39407501005398876,0.577152642692249
29,0.8216945562905388,0.6165786894977455,1.055719715534401,0.43968595027264556,0.34794191796584983,0.5397880645604364
30,0.8945645877058639,0.6948220392425346,1.1188097403337096,0.4087855501511004,0.32666838351747196,0.49916327155525153
31,0.9531355945376435,0.7402658528797912,1.2043578841342544,0.3855302596380934,0.2998844982976185,0.47698709027178054
32,1.037639565128212,0.8118987793350448,1.2949357126063157,0.3542899741542558,0.27391547307728326,0.44401418034984036
34,1.1647590375353623,0.9226417738287888,1.4465182443719864,0.31199783274236254,0.23538842796959164,0.3974676333137477
36,1.303559097374077,1.0332522498880006,1.6125716770288279,0.27156354990294057,0.1993742281040754,0.3558477707308733
37,1.3426765067774962,1.060537095409481,1.6693918023127938,0.261145773927922,0.1883615918924626,0.3462697804671059
38,1.3782955518653488,1.0861435553618242,1.7238846979203033,0.25200772129884014,0.17837187940391172,0.3375155973517582
40,1.4934288865135574,1.189167104632515,1.8514313969809724,0.2246012016501021,0.1570122585130441,0.3044747540989183
44,1.5812187806720541,1.2788944903580093,1.9291463723776627,0.20572421265455273,0.1452721538935358,0.2783448433341663
45,1.6309596719389343,1.3178340755886995,1.993523175307617,0.19574163620641044,0.13621467088651662,0.26771452388650857
46,1.8268148827027513,1.4714839833013533,2.234245171824036,0.16092531836479307,0.10707292101522077,0.22958453265265538
47,1.8778383885947039,1.5166867384628677,2.296951644293594,0.15292030302033632,0.10056493464115421,0.21943773843885836
48,1.9358492084970245,1.5676922308205032,2.351442755541573,0.1443016745686894,0.09523166703808277,0.2085258570465924
49,2.056924018543396,1.670127213348236,2.5042197885592654,0.12784661952468485,0.0817393470869258,0.18822311962239
53,2.11938645860466,1.7218623388152123,2.5850099801540756,0.12010529548085529,0.0753953271403915,0.17873297640915262
55,2.188705597558594,1.7688680618289567,2.6720034551750564,0.11206170772744675,0.0691136204708177,0.17052590440090235
57,2.3317145366843794,1.8657499475559616,2.8586051473480225,0.09712907288726084,0.05734869748495982,0.15478008939845606
58,2.4071310870656206,1.9329015145267487,2.965131411372757,0.09007333680591378,0.05155369405824874,0.14472765927254289
60,2.486855081355667,1.9756077807648278,3.076042101674652,0.08317112211607397,0.0461415191642938,0.13867700141031825
61,2.5782916116098407,2.049561581177826,3.1911365202911757,0.07590356609124918,0.04112510485265679,0.12879135576655248
68,2.6797005024375156,2.1102841177508695,3.346816621296959,0.06858369172714636,0.035196218845954384,0.12120352546791512
69,2.897191327428093,2.267909918377495,3.653584221752701,0.05517797949796023,0.025898137559736367,0.10352833678595996
83,3.0348191480241775,2.440601933216667,3.7469687627981565,0.04808335805961014,0.023589141876620295,0.08710840223734223
94,3.242939536389847,2.562782978196907,4.078895832646675,0.03904894044364744,0.016926144634769786,0.07708990211997296
96,3.483589478768997,2.71331443722908,4.459507367949981,0.03069702671452383,0.011568060681442118,0.06631663971214553
105,3.806532213407402,2.880667988228302,5.025711837504502,0.022225117441094476,0.006566910257756407,0.05609727799447164
122,4.469469362244301,3.114544331887245,6.731815477663879,0.011453391840429651,0.0011923662776120632,0.04439873362601811
